WTI,S&P500,Dow Jones,DAX61.18,3257.85,28868.80,13385.9363.05,3234.85,28634.88,13219.1463.27,3246.28,28703.38,13126.9962.70,3237.18,28583.68,13226.8359.61,3253.05,28745.09,13320.1859.56,3274.70,28956.90,13495.0659.04,3265.35,28823.77,13483.3158.08,3288.13,28907.05,13451.5258.23,3283.15,28939.67,13456.4957.81,3289.29,29030.22,13432.3058.52,3316.81,29297.64,13429.4358.54,3329.62,29348.10,13526.1358.34,3320.79,29196.04,13555.8756.74,3321.75,29186.27,13515.7555.59,3325.54,29160.09,13388.4254.19,3295.47,28989.73,13576.6853.14,3243.63,28535.80,13204.7753.48,3276.24,28722.85,13323.6953.33,3273.40,28734.45,13345.0052.14,3283.66,28859.44,13157.1251.56,3225.52,28256.03,12981.9750.11,3248.92,28399.81,13045.1949.61,3297.59,28807.63,13281.7450.75,3334.69,29290.85,13478.3350.95,3345.78,29379.77,13574.8250.32,3327.71,29102.51,13513.8149.57,3352.09,29276.82,13494.0349.94,3357.75,29276.34,13627.8451.17,3379.45,29551.42,13749.7851.42,3373.94,29423.31,13745.4352.05,3380.16,29398.08,13744.2152.05,3370.29,29232.19,13681.1953.29,3386.15,29348.03,13789.0053.78,3373.23,29219.98,13664.0053.38,3337.75,28992.41,13579.3351.43,3225.89,27960.80,13035.2449.90,3128.21,27081.36,12790.4948.73,3116.39,26957.59,12774.8847.09,2978.76,25766.64,12367.4644.76,2954.22,25409.36,11890.3546.75,3090.23,26703.32,11857.8747.18,3003.37,25917.41,11985.3946.78,3130.12,27090.86,12127.6945.90,3023.94,26121.28,11944.7241.28,2972.37,25864.78,11541.8731.13,2746.56,23851.02,10625.0234.36,2882.23,25018.16,10475.4932.98,2741.38,23553.22,10438.6831.50,2480.64,21200.62,9161.1331.73,2711.02,23185.62,9232.0828.70,2386.13,20188.52,8742.2526.95,2529.19,21237.38,8939.1020.37,2398.10,19898.92,8441.7125.22,2409.39,20087.19,8610.4322.43,2304.92,19173.98,8928.9523.36,2237.40,18591.93,8741.1524.01,2447.33,20704.91,9700.5724.49,2475.56,21200.55,9874.2622.60,2630.07,22552.17,10000.9621.51,2541.47,21636.78,9632.5220.09,2626.65,22327.48,9815.9720.48,2584.59,21917.16,9935.8420.31,2470.50,20943.51,9544.7525.32,2526.90,21413.44,9570.8228.34,2488.65,21052.53,9525.7726.08,2663.68,22679.99,10075.1723.63,2659.41,22653.86,10356.7025.09,2749.98,23433.57,10332.8922.76,2789.82,23719.37,10564.7420.11,2846.06,23949.76,10696.5619.87,2783.36,23504.35,10279.7619.87,2799.55,23537.68,10301.5418.27,2874.56,24242.49,10625.7810.01,2736.56,23018.88,10249.8513.78,2799.31,23475.82,10415.0316.50,2797.80,23515.26,10513.7916.94,2836.74,23775.27,10336.0912.78,2878.48,24133.78,10659.9912.34,2863.39,24101.55,10795.6315.06,2939.51,24633.86,11107.7418.84,2912.43,24345.72,10861.6420.39,2842.74,23749.76,10466.8024.56,2868.44,23883.09,10729.4623.99,2848.42,23664.64,10606.2023.55,2881.19,23875.89,10759.2724.74,2929.80,24331.32,10904.4824.14,2930.32,24221.99,10824.9925.78,2870.12,23764.78,10819.5025.29,2820.00,23247.97,10542.6627.56,2852.50,23625.34,10337.0229.43,2863.70,23685.42,10465.1731.82,2953.91,24597.37,11058.8732.50,2922.94,24206.86,11075.2933.49,2971.61,24575.90,11223.7133.92,2948.51,24474.12,11065.9333.25,2955.45,24465.16,11073.8734.35,2991.77,24995.11,11504.6532.81,3036.13,25548.27,11657.6933.71,3029.73,25400.64,11781.1335.49,3044.31,25383.11,11586.8536.81,3080.82,25742.65,12021.2837.29,3122.87,26269.89,12487.3637.41,3112.35,26281.82,12430.5639.55,3193.93,27110.98,12847.6838.19,3232.39,27572.44,12819.5938.94,3207.18,27272.30,12617.9939.60,3190.14,26989.99,12530.1636.34,3002.10,25128.17,11970.2936.26,3041.31,25605.54,11949.2837.12,3066.59,25763.16,11911.3538.38,3124.74,26289.98,12315.6637.96,3113.49,26119.61,12382.1438.84,3115.34,26080.10,12281.5339.75,3097.74,25871.46,12330.7640.46,3117.86,26024.96,12262.9740.37,3131.29,26156.10,12523.7638.01,3050.33,25445.94,12093.9438.72,3083.76,25745.60,12177.8738.49,3009.05,25015.55,12089.3939.70,3053.24,25595.80,12232.1239.27,3100.29,25812.88,12310.9339.82,3115.86,25734.97,12260.5740.65,3130.01,25827.36,12608.4640.63,3179.72,26287.03,12733.4540.62,3145.32,25890.18,12616.8040.90,3169.94,26067.28,12494.8139.62,3152.05,25706.09,12489.4640.55,3185.04,26075.30,12633.7140.10,3155.22,26085.80,12799.9740.29,3197.52,26642.59,12697.3641.20,3226.56,26870.10,12930.9840.75,3215.57,26734.71,12874.9740.59,3224.73,26671.95,12919.6140.81,3251.84,26680.87,13046.9241.96,3257.30,26840.40,13171.8341.90,3276.02,27005.84,13104.2541.07,3235.66,26652.33,13103.3941.29,3215.63,26469.89,12838.0641.60,3239.41,26584.77,12838.6641.04,3218.44,26379.28,12835.2841.27,3258.44,26539.57,12822.2639.92,3246.22,26313.65,12379.6540.27,3271.12,26428.32,12313.3641.01,3294.61,26664.40,12646.9841.70,3306.51,26828.47,12600.8742.19,3327.77,27201.52,12660.2541.95,3349.16,27386.98,12591.6841.22,3351.28,27433.48,12674.8841.94,3360.47,27791.44,12687.5341.61,3333.69,27686.91,12946.8942.67,3380.35,27976.84,13058.6342.24,3373.43,27896.72,12993.7142.01,3372.85,27931.02,12901.3442.89,3381.99,27844.91,12920.6642.89,3389.78,27778.07,12881.7642.93,3374.85,27692.88,12977.3342.58,3385.51,27739.73,12830.0042.34,3397.16,27930.33,12764.8042.62,3431.28,28308.46,13066.5443.35,3443.62,28248.44,13061.6243.39,3478.73,28331.92,13190.1543.04,3484.55,28492.27,13096.3642.97,3508.01,28653.87,13033.2042.61,3500.31,28430.05,12945.3842.76,3526.65,28645.66,12974.2541.51,3580.84,29100.50,13243.4341.37,3455.06,28292.73,13057.7739.77,3426.96,28133.31,12842.6636.76,3331.84,27500.89,12968.3338.05,3398.96,27940.47,13237.2137.30,3339.19,27534.58,13208.8937.33,3340.97,27665.64,13202.8437.26,3383.54,27993.33,13193.6638.28,3401.20,27995.60,13217.6740.16,3385.49,28032.38,13255.3740.97,3357.01,27901.98,13208.1241.11,3319.47,27657.42,13116.2539.31,3281.06,27147.70,12542.4439.60,3315.57,27288.18,12594.3939.93,3236.92,26763.13,12642.9740.31,3246.59,26815.44,12606.5740.25,3298.46,27173.96,12469.2040.60,3351.60,27584.06,12870.8739.29,3335.47,27452.66,12825.8240.22,3363.00,27781.70,12760.7338.72,3380.80,27816.90,12730.7737.05,3348.44,27682.81,12689.0439.22,3408.63,28148.64,12828.3140.67,3360.95,27772.76,12906.0239.95,3419.45,28303.46,12928.5741.19,3446.83,28425.51,13042.2140.60,3477.13,28586.90,13051.2339.43,3534.22,28837.52,13138.4140.20,3511.93,28679.81,13018.9941.04,3488.67,28514.00,13028.0640.96,3483.34,28494.20,12703.7540.88,3483.81,28606.31,12908.9940.83,3426.92,28195.42,12854.6641.46,3443.12,28308.79,12736.9540.03,3435.56,28210.82,12557.6440.64,3453.49,28363.66,12543.0639.85,3465.39,28335.57,12645.7538.56,3400.97,27685.38,12177.1839.57,3390.68,27463.19,12063.5737.39,3271.03,26519.95,11560.5136.17,3310.11,26659.11,11598.0735.79,3269.96,26501.60,11556.4836.81,3310.24,26925.05,11784.1037.66,3369.16,27480.03,12088.9839.15,3443.44,27847.66,12324.2238.79,3510.45,28390.18,12568.0937.14,3509.44,28323.40,12480.0240.29,3550.50,29157.97,13095.9741.36,3545.53,29420.92,13163.1141.45,3572.66,29397.63,13216.1841.12,3537.01,29080.17,13052.9540.13,3585.15,29479.81,13076.7241.34,3626.91,29950.44,13138.6141.43,3609.53,29783.35,13133.4741.82,3567.79,29438.42,13201.8941.74,3581.87,29483.23,13086.1642.15,3557.54,29263.48,13137.2543.06,3577.59,29591.27,13126.9744.91,3635.41,30046.24,13292.4445.71,3629.65,29872.47,13289.8045.53,3638.35,29910.37,13335.6845.34,3621.63,29638.64,13291.1644.55,3662.45,29823.92,13382.3045.28,3669.01,29883.79,13313.2445.64,3666.72,29969.52,13252.8646.26,3699.12,30218.26,13298.9645.76,3691.96,30069.79,13271.0045.60,3702.25,30173.88,13278.4945.52,3672.82,30068.81,13340.2646.78,3668.10,29999.26,13295.7346.57,3663.46,30046.37,13114.3046.99,3647.49,29861.55,13223.1647.62,3694.62,30199.31,13362.8747.82,3701.17,30154.54,13565.9848.36,3722.48,30303.37,13667.2549.10,3709.41,30179.05,13630.5147.74,3694.92,30216.45,13246.3047.02,3687.26,30015.51,13418.1148.12,3690.01,30129.83,13587.2347.62,3735.36,30403.97,13790.2948.00,3727.04,30335.67,13761.3848.40,3732.04,30409.56,13718.78
